"DESCRIPTION","DURATION IN MS","NAME","PARENT SUITE","START TIME","STATUS","STOP TIME","SUB SUITE","SUITE","TEST CLASS","TEST METHOD"
"","1","test_pass8","tests","2026-03-22","passed","2026-03-22","","test_example","",""
"","1","test_fail5","tests","2026-03-22","failed","2026-03-22","","test_example","",""
"","1","test_pass6","tests","2026-03-22","passed","2026-03-22","","test_example","",""
"","0","test_fail2","tests","2026-03-22","failed","2026-03-22","","test_example","",""
"","0","test_skipped2","tests","2026-03-22","skipped","2026-03-22","","test_example","",""
"","0","test_pass5","tests","2026-03-22","passed","2026-03-22","","test_example","",""
"","0","test_pass10","tests","2026-03-22","passed","2026-03-22","","test_example","",""
"","0","test_pass4","tests","2026-03-22","passed","2026-03-22","","test_example","",""
"","0","test_skipped1","tests","2026-03-22","skipped","2026-03-22","","test_example","",""
"","1","test_fail1","tests","2026-03-22","failed","2026-03-22","","test_example","",""
"","0","test_skipped3","tests","2026-03-22","skipped","2026-03-22","","test_example","",""
"","1","test_pass13","tests","2026-03-22","passed","2026-03-22","","test_example","",""
"","1","test_pass","tests","2026-03-22","passed","2026-03-22","","test_example","",""
"","0","test_pass1","tests","2026-03-22","passed","2026-03-22","","test_example","",""
"","0","test_pass15","tests","2026-03-22","passed","2026-03-22","","test_example","",""
"","0","test_fail3","tests","2026-03-22","failed","2026-03-22","","test_example","",""
"","0","test_pass7","tests","2026-03-22","passed","2026-03-22","","test_example","",""
"","0","test_pass9","tests","2026-03-22","passed","2026-03-22","","test_example","",""
"","1","test_fail7","tests","2026-03-22","failed","2026-03-22","","test_example","",""
"","0","test_pass14","tests","2026-03-22","passed","2026-03-22","","test_example","",""
"","0","test_pass11","tests","2026-03-22","passed","2026-03-22","","test_example","",""
"","0","test_fail6","tests","2026-03-22","failed","2026-03-22","","test_example","",""
"","0","test_pass2","tests","2026-03-22","passed","2026-03-22","","test_example","",""
"","1","test_pass3","tests","2026-03-22","passed","2026-03-22","","test_example","",""
"","0","test_pass12","tests","2026-03-22","passed","2026-03-22","","test_example","",""
"","0","test_fail4","tests","2026-03-22","failed","2026-03-22","","test_example","",""
